LINEA,2019,2020,Var. 19/20
KIA PICANTO,"10,766","5,968",-44.6%
RENAULT SANDERO,"10,430","5,884",-43.6%
RENAULT LOGAN,"10,331","6,405",-38.0%
RENAULT STEPWAY,"9,553","6,505",-31.9%
CHEVROLET ONIX,"9,454","8,659",-8.4%
RENAULT DUSTER,"9,434","6,713",-28.8%
RENAULT KWID,"8,706","7,695",-11.6%
CHEVROLET BEAT,"8,376","5,245",-37.4%
MAZDA 2,"7,953","4,459",-43.9%
CHEVROLET SPARK,"7,874","3,422",-56.5%
NISSAN MARCH,"5,238","3,115",-40.5%
MAZDA CX-5,"5,229","3,054",-41.6%
MAZDA 3,"5,145","2,326",-54.8%
NISSAN FRONTIER NP300,"4,878","2,655",-45.6%
CHEVROLET TRACKER,"3,955","3,505",-11.4%
VOLKSWAGEN GOL,"3,954","2,599",-34.3%
TOYOTA FORTUNER,"3,809","2,480",-34.9%
TOYOTA HILUX,"3,735","2,906",-22.2%
FORD ECOSPORT,"3,609","2,300",-36.3%
KIA SPORTAGE,"3,558","2,694",-24.3%
NISSAN KICKS,"3,510","2,091",-40.4%
TOYOTA PRADO,"3,443","1,965",-42.9%
SUZUKI VITARA,"3,332","3,012",-9.6%
CHEVROLET SAIL,"3,263",7,-99.8%
NISSAN VERSA,"3,247","3,285",1.2%
HYUNDAI GRAND I10,"3,044",840,-72.4%
KIA RIO,"2,994","2,303",-23.1%
RENAULT CAPTUR,"2,883","2,278",-21.0%
RENAULT DUSTER OROCH,"2,439","1,927",-21.0%
CHEVROLET NHR,"2,356","2,254",-4.3%
VOLKSWAGEN VOYAGE,"2,306","1,618",-29.8%
FORD ESCAPE,"2,108","1,606",-23.8%
NISSAN QASHQAI,"2,063","1,281",-37.9%
SUZUKI SWIFT,"2,060","1,567",-23.9%
FORD RANGER,"1,858","1,285",-30.8%
TOYOTA RAV 4,"1,830",964,-47.3%
CHEVROLET DMAX,"1,660","1,232",-25.8%
TOYOTA COROLLA,"1,593","2,455",54.1%
MAZDA CX-3,"1,529",313,-79.5%
CHEVROLET EQUINOX,"1,446",562,-61.1%
FIAT UNO,"1,346",417,-69.0%
VOLKSWAGEN JETTA,"1,278",520,-59.3%
CHEVROLET CHEVYTAXI,"1,259",751,-40.3%
VOLKSWAGEN AMAROK,"1,250","1,081",-13.5%
FORD EXPLORER,"1,177",715,-39.3%
CHEVROLET N300,"1,168",937,-19.8%
HONDA CR-V,"1,160",780,-32.8%
NISSAN X-TRAIL,"1,149",724,-37.0%
VOLKSWAGEN VIRTUS,"1,148",625,-45.6%
VOLKSWAGEN T-CROSS,"1,059","1,429",34.9%
SUZUKI SCROSS,"1,002",857,-14.5%
SUZUKI NEW ALTO,983,602,-38.8%
HONDA WR-V,965,397,-58.9%
VOLKSWAGEN TIGUAN,939,413,-56.0%
TOYOTA 4 RUNNER,901,616,-31.6%
FOTON BJ1039,841,746,-11.3%
CHEVROLET NQR,823,746,-9.4%
JAC HFC1035,822,"1,032",25.5%
CHEVROLET FRR,805,781,-3.0%
FORD FIESTA,797,1,-99.9%
NISSAN SENTRA,794,473,-40.4%
KENWORTH T800,793,841,6.1%
CHEVROLET NPR,750,574,-23.5%
RENAULT NEW,740,435,-41.2%
HINO XZU640L,715,506,-29.2%
SUBARU FORESTER,700,397,-43.3%
HYUNDAI ACCENT,691,350,-49.3%
MERCEDES BENZ A 200,687,392,-42.9%
RENAULT KANGOO,686,536,-21.9%
VOLKSWAGEN FOX XTREME,670,324,-51.6%
BMW X3,663,352,-46.9%
JEEP RENEGADE,652,360,-44.8%
MINI COOPER,649,446,-31.3%
FORD EDGE,642,261,-59.3%
JMC JX1044T,615,891,44.9%
MERCEDES BENZ GLA 200,611,312,-48.9%
CHEVROLET TRAIL,603,263,-56.4%
PEUGEOT 2008,600,479,-20.2%
PEUGEOT 3008,594,395,-33.5%
VOLVO B340M,594,119,-80.0%
CITROEN C4,593,535,-9.8%
SUBARU XV,591,291,-50.8%
CHEVROLET NKR,577,515,-10.7%
RENAULT TRAFIC,563,324,-42.5%
MITSUBISHI MONTERO,556,211,-62.1%
BMW X1,556,428,-23.0%
DODGE JOURNEY,549,93,-83.1%
JAC S2,545,84,-84.6%
KIA NIRO,532,295,-44.5%
HYUNDAI CRETA,508,878,72.8%
HYUNDAI TUCSON,485,712,46.8%
VOLKSWAGEN POLO,476,375,-21.2%
KIA CERATO,461,261,-43.4%
KIA TONIC,460,283,-38.5%
MAZDA CX-9,459,272,-40.7%
RENAULT ALASKAN,458,619,35.2%
HYUNDAI NEW,453,33,-92.7%
RENAULT NUEVO,445,234,-47.4%
FORD F-150,441,350,-20.6%
TOYOTA LAND CRUISER,434,352,-18.9%
AUDI Q5,425,217,-48.9%
HONDA HR-V,423,338,-20.1%
HINO FC9JLTZ,415,72,-82.7%
BMW X5,410,194,-52.7%
DFSK EQ5025,407,245,-39.8%
MERCEDES BENZ GLC 300,395,474,20.0%
VOLVO XC60,394,338,-14.2%
FIAT MOBI,391,326,-16.6%
CHEVROLET COLORADO,388,456,17.5%
SUZUKI ERTIGA,387,215,-44.4%
JEEP COMPASS,379,226,-40.4%
KIA SOLUTO,379,316,-16.6%
SUZUKI CELERIO,378,200,-47.1%
CITROEN C3,370,158,-57.3%
MERCEDES BENZ CLA 180,369,223,-39.6%
MERCEDES BENZ C 200,358,325,-9.2%
CHEVROLET CAPTIVA,349,"1,739",398.3%
VOLKSWAGEN SAVEIRO,341,189,-44.6%
AUDI Q3,339,279,-17.7%
KIA SEPHIA,338,199,-41.1%
CHEVROLET TRAVERSE,334,189,-43.4%
BMW X4,333,301,-9.6%
TOYOTA RUSH,322,128,-60.2%
MITSUBISHI L200,320,177,-44.7%
MERCEDES BENZ C 180,311,10,-96.8%
CHEVROLET FVR,307,354,15.3%
MERCEDES BENZ SPRINTER,306,111,-63.7%
BMW 330 i,298,79,-73.5%
JAC HFC1120,285,490,71.9%
JEEP WRANGLER,284,172,-39.4%
INTERNATIONAL 7600,280,222,-20.7%
CHANGAN MINI TRUCK,279,519,86.0%
FOTON BJ1129,279,64,-77.1%
BMW I3,278,149,-46.4%
VOLKSWAGEN GOLF,272,85,-68.8%
MERCEDES BENZ GLC 250,264,1,-99.6%
SEAT ARONA,257,223,-13.2%
JAC S3,251,43,-82.9%
VOLVO XC40,250,294,17.6%
CHEVROLET BLAZER,247,336,36.0%
MERCEDES BENZ ATEGO 1726 AUB,244,209,-14.3%
KIA NEW SOUL,235,5,-97.9%
FOTON BJ2037,223,207,-7.2%
MITSUBISHI OUTLANDER,222,69,-68.9%
FAW R7,222,72,-67.6%
MERCEDES BENZ GLE 450,220,330,50.0%
JEEP GRAND CHEROKEE,218,243,11.5%
FOTON BJ5023,200,171,-14.5%
HINO GH8JMTA,192,122,-36.5%
INTERNATIONAL 4300,190,61,-67.9%
PEUGEOT 5008,186,117,-37.1%
DFSK EQ6450,185,92,-50.3%
SCANIA K400,182,32,-82.4%
HINO XZU710L,181,121,-33.1%
KIA SORENTO,179,48,-73.2%
DFSK EQ1020,179,52,-70.9%
MITSUBISHI SPORTERO,179,76,-57.5%
CHANGAN CS15,179,99,-44.7%
SCANIA K320,179,-,-
RAM V700,178,141,-20.8%
NISSAN PATHFINDER,177,60,-66.1%
MAHINDRA KUV,173,12,-93.1%
SCANIA F340,172,390,126.7%
FOTON BJ1036,169,129,-23.7%
SSANGYONG TIVOLI,169,113,-33.1%
HINO FC9JJTA,168,144,-14.3%
JAC HFC1042,167,112,-32.9%
AUDI Q2,167,123,-26.3%
SUZUKI BALENO,166,436,162.7%
CITROEN C-ELYSÉE,162,66,-59.3%
PEUGEOT PARTNER,161,137,-14.9%
SUZUKI JIMNY,157,278,77.1%
SEAT ATECA,156,111,-28.8%
SUZUKI GRAND,156,5,-96.8%
HYUNDAI SANTA FE,154,20,-87.0%
CHEVROLET CRUZE,149,5,-96.6%
MERCEDES BENZ E 200,146,118,-19.2%
KENWORTH T880,145,176,21.4%
HONDA PILOT,143,50,-65.0%
PEUGEOT 301,140,75,-46.4%
JAC HFC1037,139,148,6.5%
RENAULT TWIZY,137,79,-42.3%
AUDI A3,136,163,19.9%
FREIGHTLINER M2 106,135,98,-27.4%
CITROEN C5,134,162,20.9%
DAF FAT,132,11,-91.7%
NISSAN URVAN,129,214,65.9%
JAC HFC1063,128,144,12.5%
FIAT ARGO,127,11,-91.3%
MAHINDRA MAHINDRA,127,15,-88.2%
CHEVROLET FVZ,126,120,-4.8%
DFSK DXK6470,125,104,-16.8%
NISSAN MURANO,124,127,2.4%
VOLKSWAGEN BEETLE,124,4,-96.8%
HINO SG1AF7B,122,148,21.3%
HINO FC9JGTA,122,122,0.0%
RENAULT ZOE,121,71,-41.3%
AUDI Q8,120,41,-65.8%
NISSAN LEAF,119,70,-41.2%
MITSUBISHI FUSO FE71BB8SLNQA,119,56,-52.9%
FOTON BJ1041,117,51,-56.4%
FOTON BJ5049,115,2,-98.3%
CHANGAN MINI VAN,112,133,18.8%
FOTON BJ1061,111,43,-61.3%
HINO FC9JKUZ,110,26,-76.4%
MERCEDES BENZ GLE 350,110,60,-45.5%
FORD FUSION,110,76,-30.9%
VOLVO XC90,109,96,-11.9%
VOLKSWAGEN CONSTELLATION,108,193,78.7%
JAC HFC1040,108,89,-17.6%
DFSK EQ6400,106,52,-50.9%
NISSAN NOTE,106,38,-64.2%
FOTON BJ1065,103,204,98.1%
MERCEDES BENZ VITO,102,75,-26.5%
BMW 218I,102,141,38.2%
LAND ROVER EVOQUE,102,78,-23.5%
SUBARU OUTBACK,100,48,-52.0%
MITSUBISHI ASX,100,18,-82.0%
BMW 120 i,95,-,-
BMW X2,95,69,-27.4%
MERCEDES BENZ OF 917,94,47,-50.0%
CHANGAN S50,94,71,-24.5%
HYUNDAI IONIQ,92,107,16.3%
LAND ROVER DISCOVERY,92,98,6.5%
FOTON BJ1049,92,56,-39.1%
FOTON BJ6425,91,81,-11.0%
GREAT WALL WINGLE 5,90,43,-52.2%
MAZDA 6,90,34,-62.2%
BMW 420I,89,42,-52.8%
FIAT CRONOS,88,7,-92.0%
PEUGEOT 208,88,2,-97.7%
FAW CA7150BUE4,88,37,-58.0%
BMW 118 i,87,138,58.6%
RAM 700,87,51,-41.4%
CHEVROLET LV452,86,11,-87.2%
SSANGYONG KORANDO,86,41,-52.3%
MERCEDES BENZ GLC 350,86,2,-97.7%
JMC JX1041T,86,95,10.5%
BMW M240I,86,34,-60.5%
HINO XZU720L,86,75,-12.8%
RENAULT KOLEOS,84,47,-44.0%
MERCEDES BENZ GLE 300,83,45,-45.8%
CHEVROLET FTR,82,63,-23.2%
VOLVO V40,82,6,-92.7%
VOLKSWAGEN DELIVERY,81,79,-2.5%
SUZUKI ALTO,81,71,-12.3%
HYUNDAI HD78,81,30,-63.0%
BMW 330E,78,82,5.1%
CHERY TIGGO 2,78,6,-92.3%
SEAT LEON,77,96,24.7%
PEUGEOT EXPERT,76,42,-44.7%
GOLDEN DRAGON XML6532E5,75,32,-57.3%
MACK GR64BX,75,52,-30.7%
DS DS7,72,56,-22.2%
DFSK DXK1021,71,62,-12.7%
TOYOTA FJ,71,65,-8.5%
BMW 225XE,71,6,-91.5%
HINO FC9JGTZ,70,34,-51.4%
BMW 220I,68,27,-60.3%
IVECO DAILY,67,23,-65.7%
HINO FM8JRTA,65,77,18.5%
LAND ROVER VELAR,65,27,-58.5%
BYD K9GA,64,-,-
AUDI A4,64,2,-96.9%
MG MG GT,62,25,-59.7%
BMW 320I,62,102,64.5%
CITROEN C-ELYSEE,61,69,13.1%
STARK STQ1079L02Y1NBEV,61,94,54.1%
FORD MUSTANG,61,46,-24.6%
JEEP CHEROKEE,61,42,-31.1%
HINO GH8JPTA,59,33,-44.1%
CHANGHE Q35,59,4,-93.2%
JAGUAR E-PACE,59,40,-32.2%
SSANGYONG REXTON,58,38,-34.5%
DODGE DURANGO,57,45,-21.1%
HYUNDAI I20,57,3,-94.7%
BMW 418I,54,19,-64.8%
MITSUBISHI FUSO FE85DHZSLNQA,54,52,-3.7%
MITSUBISHI FUSO FE85DE6SLNQA,53,55,3.8%
RENAULT MASTER,52,98,88.5%
CITROEN BERLINGO,51,46,-9.8%
SINOTRUK ZZ1168D2613D145,50,32,-36.0%
PORSCHE CAYENNE,49,35,-28.6%
SEAT LEÓN,49,1,-98.0%
JAC HFC1048,49,61,24.5%
CHERY TIGGO 4,49,13,-73.5%
YUTONG ZK6107HA,48,12,-75.0%
AUDI Q7,47,16,-66.0%
SCANIA K310,46,6,-87.0%
FORD CARGO 816,45,-,-
SHACMAN SX3256MR384,45,-,-
HYUNDAI H1,44,2,-95.5%
VOLKSWAGEN CROSS UP,44,1,-97.7%
FREIGHTLINER NEW CASCADIA 116,43,93,116.3%
LANDWIND JX7166LMS,42,10,-76.2%
HONDA FIT,41,11,-73.2%
JMC JML1030,41,37,-9.8%
SEAT IBIZA,40,63,57.5%
BAIC X25,40,13,-67.5%
RAM 1000,40,29,-27.5%
SHACMAN SX3256MR324,39,-,-
HYUNDAI EX100,39,20,-48.7%
CHANGAN CS35,39,22,-43.6%
MG MG ZS,38,66,73.7%
KIA OPTIMA,38,38,0.0%
MERCEDES BENZ GLS 500,37,2,-94.6%
BMW Z4,37,31,-16.2%
FORD EXPEDITION,37,25,-32.4%
BAIC M20,37,-,-
VOLKSWAGEN 9160,37,10,-73.0%
BMW X6,36,127,252.8%
VOLVO S60,36,34,-5.6%
MERCEDES BENZ B 180,36,-,-
MITSUBISHI FUSO FIV1PKW2LNQA,36,3,-91.7%
MACK GR64BRX,36,6,-83.3%
CHANGHE CH1021DC21,35,36,2.9%
MERCEDES BENZ GLS 450,34,67,97.1%
PORSCHE MACAN,34,32,-5.9%
INTERNATIONAL PROSTAR,34,103,202.9%
KIA CARENS,33,3,-90.9%
FOTON BJ1126,33,11,-66.7%
NISSAN ALTIMA,32,28,-12.5%
DFSK DXK6451,32,49,53.1%
FREIGHTLINER 114SD,31,76,145.2%
SSANGYONG RODIUS,31,23,-25.8%
GREAT WALL HAVAL M4,31,16,-48.4%
JMC JX1062T,31,58,87.1%
LAND ROVER RANGE ROVER,31,20,-35.5%
MITSUBISHI FUSO FE84BE6SLNQA,30,12,-60.0%
MITSUBISHI FUSO FE73BE6SLNQA,30,40,33.3%
SCANIA K280,30,732,"2,340.0%"
CHEVROLET CAMARO,29,25,-13.8%
FOTON BJ5126,29,41,41.4%
FOTON BJ1078,28,46,64.3%
FREIGHTLINER CASCADIA,28,14,-50.0%
LEXUS GX460,28,38,35.7%
KIA SUPER,28,72,157.1%
JAGUAR XE,27,10,-63.0%
VOLKSWAGEN CRAFTER,27,22,-18.5%
SCANIA K440,27,9,-66.7%
IVECO TECTOR,26,23,-11.5%
HONDA ODYSSEY,26,14,-46.2%
MERCEDES BENZ ACTROS,26,20,-23.1%
CHANGAN CS55,26,18,-30.8%
SUNWIN SWB6868BEV05,26,-,-
VOLKSWAGEN VW 9.160,25,2,-92.0%
MERCEDES BENZ GLE 250,25,1,-96.0%
BMW 520 i,25,6,-76.0%
HONDA CIVIC,24,93,287.5%
MERCEDES BENZ B 200,24,64,166.7%
MITSUBISHI FUSO FAV1PH1LNQA,24,1,-95.8%
KENWORTH T370,24,23,-4.2%
SUNLONG SLK6905M38S,24,-,-
VOLKSWAGEN TOUAREG,23,7,-69.6%
KENWORTH T680,23,27,17.4%
SINOTRUK ZZ1107G451CD1,23,-,-
BMW X7,23,43,87.0%
AUDI S3,22,25,13.6%
LANDWIND JX6460LMM,22,4,-81.8%
SHACMAN SX5256GJBMR364,21,-,-
FOTON AUMAN BJ5319,21,-,-
MERCEDES BENZ AMG C 43,21,19,-9.5%
FIAT 500X,21,12,-42.9%
SUNWIN SWB6850Q,21,-,-
YUEJIN - NAVECO NJ1041DCFZ,20,23,15.0%
DAF CF85,20,34,70.0%
MITSUBISHI ECLIPSE CROSS,20,38,90.0%
MERCEDES BENZ AMG G 63,20,22,10.0%
MERCEDES BENZ GLE 500,20,1,-95.0%
LANDWIND JX7166LPS,20,14,-30.0%
JAGUAR F-PACE,20,16,-20.0%
MERCEDES BENZ AMG CLA 45,20,-,-
INTERNATIONAL WORKSTAR,19,13,-31.6%
INTERNATIONAL DURASTAR,19,1,-94.7%
BYD E5,19,17,-10.5%
JAC S7,19,28,47.4%
MERCEDES BENZ ATEGO 813,18,-,-
HINO FM8JLTD,18,19,5.6%
HINO GH8JGTD,18,8,-55.6%
BAIC X35,18,22,22.2%
SSANGYONG ACTYON,18,5,-72.2%
JMC JX1033T,18,13,-27.8%
DFSK EQ6390,17,-,-
VOLVO B420R,17,6,-64.7%
LEXUS LX 570,16,13,-18.8%
HINO FM1AL7D,16,17,6.3%
YUEJIN - NAVECO NJ1041DCFS,16,12,-25.0%
TOYOTA TACOMA,16,25,56.3%
SINOTRUK ZZ1067F341CD165,16,-,-
DS DS3,16,1,-93.8%
DODGE RAM,16,3,-81.3%
HINO XKU710L,16,18,12.5%
AUDI A6,16,12,-25.0%
VOLKSWAGEN VW 17.280,15,-,-
SINOTRUK CDW1030N1M5,15,1,-93.3%
BMW M2,15,7,-53.3%
GREAT WALL HAVAL H6,15,13,-13.3%
HINO XZU650L,15,11,-26.7%
MERCEDES BENZ ATEGO 1016,15,-,-
SUZUKI IGNIS,14,1,-92.9%
MERCEDES BENZ AMG GLA 45,14,-,-
MITSUBISHI FUSO FAV1PH2LNQA,14,63,350.0%
CHEVROLET TAHOE,14,19,35.7%
HYUNDAI EX90,14,27,92.9%
BMW M135i,14,13,-7.1%
FORD CARGO 1019,14,-,-
CHEVROLET NPS,13,91,600.0%
HINO FM1AR7A,13,21,61.5%
PORSCHE 911,13,14,7.7%
MINI CLUBMAN,13,10,-23.1%
MERCEDES BENZ ATEGO 2730,13,38,192.3%
AUDI RS3,13,-,-
SCANIA G440,13,18,38.5%
FAW CA4181P2K15NE5A80,13,7,-46.2%
SKODA KODIAQ,12,5,-58.3%
MERCEDES BENZ GLC 220,12,1,-91.7%
GREAT WALL H3,12,6,-50.0%
MITSUBISHI FUSO FE85DG6SLNQA,12,30,150.0%
BMW 530 i,12,16,33.3%
MERCEDES BENZ ATEGO 1726K,12,6,-50.0%
MERCEDES BENZ SLC 200,12,6,-50.0%
MAZDA MX-5,12,5,-58.3%
SCANIA P360,12,-,-
JMC JML1021,12,1,-91.7%
YUTONG ZK6729D,12,8,-33.3%
AGRALE MA 8.7,11,6,-45.5%
CHANGHE CH1021EC21,11,15,36.4%
FAW CA4250P25K15T1NE5A80,11,43,290.9%
FOTON BJ1186,11,28,154.5%
MERCEDES BENZ AMG GLC 43,11,23,109.1%
HYUNDAI HD65 C/CAB,11,16,45.5%
HONDA PIONEER,10,17,70.0%
AUDI A5,10,1,-90.0%
FOTON BJ5166,10,18,80.0%
FORD CARGO 3129,10,1,-90.0%
FAW CA4258P2K15T1NE5A80,10,-,-
DAF CF410,10,10,0.0%
PORSCHE 718,10,7,-30.0%
TOYOTA YARIS,10,494,"4,840.0%"
TOYOTA TUNDRA,10,7,-30.0%
CITROEN JUMPY,10,17,70.0%
NON PLUS ULTRA 8-160,10,-,-
SCANIA G480,10,-,-
MERCEDES BENZ AMG CLA 35,9,28,211.1%
BMW M4,9,3,-66.7%
MACK AN64TX,9,11,22.2%
VOLVO V90,8,1,-87.5%
VOLKSWAGEN TRANSPORTER,8,-,-
INTERNATIONAL MV7400,8,-,-
MERCEDES BENZ AMG GLE 43,8,-,-
SINOTRUK ZZ1168F4515D1,8,32,300.0%
CHERY TIGGO 3,8,1,-87.5%
VOLKSWAGEN PASSAT,8,-,-
CHEVROLET SONIC,8,1,-87.5%
CHEVROLET LV152,7,1,-85.7%
SINOTRUK ZZ4256V384HE1CB,7,119,"1,600.0%"
VOLKSWAGEN VW 10.160,7,1,-85.7%
SUBARU IMPREZA,7,-,-
FOTON BJ5259,7,10,42.9%
KIA NEW SPORTAGE,7,4,-42.9%
SCANIA G410,7,73,942.9%
MAZDA BT 50,7,-,-
JAGUAR XF,6,4,-33.3%
HYUNDAI ELANTRA,6,-,-
TOYOTA SIENNA,6,2,-66.7%
HONDA ACCORD,6,4,-33.3%
PEUGEOT 308,6,1,-83.3%
NISSAN PATROL,6,3,-50.0%
MASERATI LEVANTE,6,4,-33.3%
KIA GRAND SEDONA,6,2,-66.7%
MERCEDES BENZ AROCS 4142K,6,24,300.0%
MERCEDES BENZ OH1526,5,2,-60.0%
MERCEDES BENZ O 500,5,2,-60.0%
DAF LF250,5,9,80.0%
SUBARU WRX,5,6,20.0%
INTERNATIONAL HV607,5,23,360.0%
FOTON BJ1253,5,-,-
ANAIG QUICK4500,5,-,-
FERRARI 488,5,1,-80.0%
KENWORTH T460,5,9,80.0%
MACK GR64BTX,5,2,-60.0%
JMC JX1063T,5,-,-
MERCEDES BENZ AMG A 35,5,16,220.0%
JEEP GLADIATOR,5,27,440.0%
MERCEDES BENZ ATEGO 2730K,5,3,-40.0%
ROSENBAUER AMERICA RB,5,-,-
CHEVROLET TRAX,5,4,-20.0%
GREAT WALL WINGLE 7,5,25,400.0%
BMW 530E,5,1,-80.0%
FORD F 350,5,-,-
HINO FC9JBUS,4,-,-
AGRALE MA 11.0,4,5,25.0%
VOLKSWAGEN VW 17.230,4,-,-
MERCEDES BENZ V-KLASSE,4,4,0.0%
VOLVO FMX8X4R,4,-,-
GREAT WALL HAVAL H9,4,-,-
TOYOTA HIGHLANDER,4,2,-50.0%
BMW M5,4,1,-75.0%
BMW M140I,4,-,-
BMW M340I,4,50,"1,150.0%"
IVECO ML110EL18,4,5,25.0%
HYUNDAI VELOSTER,4,1,-75.0%
DFSK EQ1021,4,12,200.0%
MERCEDES BENZ LO916,3,6,100.0%
LIFAN X60,3,2,-33.3%
JAC HFC6710,3,1,-66.7%
JAGUAR F-TYPE,3,2,-33.3%
TESLA MODEL 3,3,6,100.0%
SINOPEC WS5463B,3,-,-
FORD CARGO 1723,3,-,-
UAZ PATRIOT,3,-,-
IVECO TRAKKER,3,-,-
IVECO EUROCARGO,3,1,-66.7%
SOUTH EAST SOUEAST,3,4,33.3%
RENAULT CLIO,3,14,366.7%
IVECO ML160E21KCNG,3,-,-
SITOM STQ1079LO2Y1NBEV,3,-,-
LIFAN X50,3,1,-66.7%
LANDWIND JX6460L,3,2,-33.3%
FERRARI PORTOFINO,3,-,-
MACK GU,3,-,-
TOYOTA CAMRY,3,-,-
MERCEDES BENZ S 450,3,-,-
CHERY TIGGO 5,3,-,-
CHERY TIGGO SQR7200 T117,3,2,-33.3%
HYUNDAI HD 78,3,-,-
HYUNDAI HD55 C/CAB,3,4,33.3%
BAIC MZ45,3,-,-
RAM 1500,3,37,"1,133.3%"
SCANIA P400,3,-,-
NISSAN NAVARRA,3,-,-
VOLVO B450R,3,-,-
VOLKSWAGEN 10160,3,18,500.0%
SCANIA K250,3,-,-
DONG FENG DFA1090S11D5,2,-,-
JOYLONG HKL6600C,2,1,-50.0%
CHEVROLET CORVETTE,2,1,-50.0%
BMW 318 i,2,-,-
GOLDEN DRAGON XML6482E-YJD,2,1,-50.0%
ANKAI HK6661KX,2,-,-
JIAYUAN CITY SPIRIT,2,11,450.0%
VOLKSWAGEN VW 31.330,2,-,-
LIEBHERR LTM,2,-,-
JAC HFC1171,2,2,0.0%
DODGE CHALLENGER,2,-,-
FOTON AUMAN BJ3319,2,4,100.0%
FORD TRANSIT,2,1,-50.0%
FOTON BJ4269,2,2,0.0%
BOSS ATV BSUTV200-1,2,4,100.0%
VOLKSWAGEN CROSS FOX,2,-,-
DAF LF280,2,9,350.0%
AUDI RS5,2,3,50.0%
IVECO ML150E25WS-E5,2,-,-
NISSAN JUKE,2,3,50.0%
LINCOLN NAVIGATOR,2,2,0.0%
LIFAN SEASION,2,-,-
LAND ROVER DEFENDER,2,25,"1,150.0%"
JMC JX6480P,2,-,-
INFINITI QX80,2,-,-
MERCEDES BENZ AMG GT,2,1,-50.0%
AUDI TT,2,-,-
MERCEDES BENZ A 250,2,-,-
CHRYSLER PACIFICA,2,1,-50.0%
CHEVROLET SUBURBAN,2,1,-50.0%
CADILLAC ESCALADE,2,1,-50.0%
BMW 340I,2,-,-
BYD YUAN,2,46,"2,200.0%"
SCANIA G360,2,-,-
MASERATI GHIBLI,2,-,-
JEEP RUBICON,2,1,-50.0%
HONDA RIDGELINE,2,-,-
GMC SIERRA,2,1,-50.0%
FORD F 250,2,-,-
FIAT STRADA,2,-,-
TESLA MODEL X,2,1,-50.0%
MERCEDES BENZ OH-1621L,2,-,-
BMW 528 i,2,-,-
MERCEDES BENZ OF1219,1,1,0.0%
HYUNDAI COUNTY,1,-,-
AUDI R8,1,1,0.0%
AGRALE MA 9.6,1,-,-
VOLVO VM4X2R,1,-,-
VOLKSWAGEN VW 15.190,1,-,-
ZP ZPMB1000,1,-,-
ZP ZPSMARTI,1,-,-
JAC E1,1,-,-
SCANIA R480,1,-,-
SCANIA S540,1,-,-
SCANIA P380,1,2,100.0%
ROSENBAUER METZ L56 FA,1,-,-
DFLZ LZ6432BQBE,1,-,-
KIA SOUL,1,-,-
FOTON BJ7667,1,-,-
MERCEDES BENZ O-500,1,-,-
EZ-GO 2,1,-,-
PORSCHE CAYMAN,1,-,-
AUDI A8,1,-,-
SIGMA JY7252-ZQR,1,-,-
SKODA OCTAVIA,1,-,-
HYUNDAI EXD,1,-,-
HYUNDAI HD 320,1,-,-
SIGMA JY7222-ZQR,1,-,-
GREAT WALL VOLEEX,1,-,-
LIFAN LF6401,1,-,-
DODGE PROMASTER,1,-,-
CHERY YOYO,1,-,-
INTERNATIONAL 4400,1,-,-
ROSEWOOD GRAND,1,-,-
VOLKSWAGEN ATLAS,1,-,-
UAZ HUNTER,1,3,200.0%
FORD E 350,1,-,-
TESLA X P100D,1,-,-
INFINITI QX60,1,-,-
FORD FOCUS,1,-,-
BMW 523 i,1,-,-
DAF FAD,1,-,-
IVECO ML150E25WS,1,-,-
PORSCHE PANAMERA,1,1,0.0%
YUEJIN - NAVECO S50,1,-,-
BMW 740 i,1,1,0.0%
VOLKSWAGEN VW 9.170,1,-,-
NISSAN PPATHFINDER,1,-,-
UAZ PROFI,1,4,300.0%
UAZ PICKUP,1,1,0.0%
FIAT 500,1,-,-
MERCEDES BENZ AMG GLE 63,1,-,-
NISSAN ROGUE,1,3,200.0%
MERCEDES BENZ AMG GLS 63,1,-,-
MERCEDES BENZ GLS 350,1,-,-
BMW I8,1,-,-
ROSENBAUER METZ,1,-,-
LEXUS RX 450,1,1,0.0%
LEXUS NX300,1,1,0.0%
FERRARI 812,1,1,0.0%
LANDWIND JX6460LNM,1,-,-
MITSUBISHI FUSO FE85DHZSLGP,1,-,-
BMW M850I,1,1,0.0%
MITSUBISHI FUSO FIV1PHW2LNQA,1,-,-
AUDI A7,1,1,0.0%
MG MG6,1,2,100.0%
JMC ML1030C,1,1,0.0%
MERCEDES BENZ C63 AMG S,1,-,-
MERCEDES BENZ AMG C 63,1,-,-
JAC E2,1,3,200.0%
JAC S5,1,-,-
GREAT WALL H6,1,4,300.0%
JMC JX5044X,1,2,100.0%
EVOLUTION DEL7042F,1,-,-
CHEVROLET COBALT,1,-,-
DODGE GRAND CARAVAN,1,1,0.0%
DFSK DXK6440,1,-,-
CITROEN JUMPER,1,1,0.0%
CHEVROLET TRAILBLAZER,1,-,-
CHERY XCROSS,1,-,-
ISUZU HD/NIF354,1,-,-
MCLAREN 720S,1,-,-
BYD E6,1,-,-
HYUNDAI HD 65,1,-,-
MCLAREN 570S,1,-,-
RENAULT D15,1,-,-
BAIC/KENBO BJ6420BHV1A1,1,-,-
BAIC S3,1,-,-
AUDI SQ5,1,-,-
DFLZ LZ6440XQ18M,1,-,-
CHRYSLER TOWN,1,1,0.0%
CHANGAN EADO EV 460,1,-,-
JMC JX1035T,1,6,500.0%
FORD 150,1,-,-
SCANIA P280,1,-,-
CHEVROLET LUV D MAX,1,1,0.0%
YUTONG ZK6119BEVQH,1,-,-
YUTONG ZK6935HNG,1,-,-
LANDWIND JX6461L,1,-,-
HYUNDAI EON,1,-,-
SUNWIN SWB6112BEV,1,12,"1,100.0%"
CHEVROLET SILVERADO,1,1,0.0%
SCANIA P340,1,-,-
FORD F 550,1,-,-
FORD F-350,1,-,-
SCANIA G500,1,8,700.0%
DONGFENG DFA1050SJ12D3,-,1,-
KAWASAKI KAF620RAF,-,1,-
KAWASAKI KAF400TLF,-,1,-
HINO FC9JG7Z,-,11,-
HINO FC9JK7Z,-,57,-
HINO FC9JL7Z,-,133,-
KAWASAKI KAF400DBF,-,1,-
BYD B13S01,-,306,-
AGRALE MA 15.0,-,2,-
VOLVO VM6X2R,-,1,-
VOLVO VM6X4R,-,2,-
KAWASAKI KAF400ABF,-,1,-
STERLING LT7500,-,1,-
ZP L7,-,2,-
SINOTRUK SITRAK ZZ4256V384HE1CB,-,4,-
SINOTRUK ZZ4186V381HE1CB,-,5,-
SINOTRUK ZZ4256V324HE1B,-,1,-
SINOTRUK ZZ4255N3847E1C,-,10,-
ZP L2,-,1,-
SINOTRUK HOWO,-,2,-
SHACMAN X-3000,-,70,-
SHACMAN SX4258DV384T,-,2,-
SHACMAN F3000(SX5258),-,4,-
ZEDRIV GCI,-,1,-
YIJIE YJ-LJ-V7,-,3,-
OPEL CROSSLAND,-,-,-
BYD SONG,-,-,-
TOYOTA SEQUOIA,-,-,-
SCANIA G340,-,10,-
TOYOTA COROLLA CROSS,-,-,-
JAC HFC1137E5,-,-,-
SINOTRUK ZZ1255M5843E1C,-,-,-
"SCANIA SIN ",-,-,-
SCANIA P410,-,-,-
INTERNATIONAL 7400,-,-,-
SCANIA R440,-,2,-
HYUNDAI I30,-,4,-
MERCEDES BENZ CIVIC,-,-,-
OPEL GRANDLAND,-,-,-
AM GENERAL HMMWVM1152,-,-,-
"MERCEDES BENZ ATEGO 2730K ",-,-,-
JAC HFC1073EV1,-,-,-
NISSAN FRONTIER,-,-,-
JAGUAR XER-DYNAMICHSE,-,-,-
MERCEDES BENZ AMG E53,-,-,-
MERCEDES BENZ E350,-,-,-
CHEVROLET N400,-,-,-
JMC JX6571T-M5,-,-,-
KARRY SQR5035XXYBEVH12,-,-,-
MERCEDES BENZ AMG GLE 53,-,-,-
HYUNDAI GRAVITI,-,164,-
HYUNDAI GETZ,-,147,-
BAJAJ QUTE,-,14,-
KIA STONIC,-,-,-
NISSAN ARMADA,-,-,-
TOYOTA LC,-,-,-
HYUNDAI H380,-,-,-
XCMG BR300,-,-,-
SINOTRUK ZZ3255N3646D1,-,-,-
MERCEDES BENZ ATEGO 1730 S,-,5,-
"MERCEDES BENZ ATEGO 1726K ",-,-,-
FOTON BJ4269SNFKB-A4,-,-,-
SHACMAN SX32586T434T,-,-,-
SHACMAN SX4256NT384TL,-,-,-
SHACMAN SX3316DT386C,-,-,-
INTERNATIONAL HV613,-,-,-
BYD E2,-,7,-
LEITING HUANG LTH-04,-,-,-
FAW X40/CA4GB16,-,-,-
"MERCEDES BENZ B 180 ",-,-,-
UAZ KAZAK,-,-,-
"MERCEDES BENZ B 200 ",-,-,-
"MERCEDES BENZ GLA 200 ",-,-,-
TOYOTA C-HR,-,2,-
FORD BRONCO,-,-,-
GREAT WALL WINGLE,-,-,-
"MERCEDES BENZ OF 917 ",-,-,-
FOTON BJ5259GJB-AA,-,-,-
"MERCEDES BENZ AROCS 4142K ",-,-,-
"MERCEDES BENZ ATEGO 2730 ",-,-,-
TOYOTA SUPRA,-,1,-
BYD E1,-,2,-
JIAYUAN CITY,-,-,-
CHANGAN E-STAR,-,-,-
MERCEDES BENZ A,-,-,-
"MERCEDES BENZ C 200 ",-,-,-
BMW 128TI,-,-,-
MOTO ELECTRIC VEHICLES ETB-15PADAHD,-,-,-
SHACMAN SX33186V306C,-,-,-
SCANIA G540,-,-,-
JMC JX1083TK24,-,-,-
MERCEDES BENZ AMG CLA 45S,-,-,-
MERCEDES BENZ AMG A 45,-,-,-
NISSAN V-DRIVE,-,-,-
TODAY SUNSHINE M2 HIGH SPEED,-,9,-
TESLA MODEL S,-,1,-
BYD M3,-,1,-
HOZON NETA,-,1,-
GMC YUKON,-,1,-
LEXUS UX,-,1,-
VOLKSWAGEN NIVUS,-,4,-
INTERNATIONAL MV607,-,77,-
RAM 2500,-,10,-
NON PLUS ULTRA 12-210,-,1,-
INTERNATIONAL 7300,-,1,-
SUZUKI SPRESSO,-,407,-
BYD QIN,-,1,-
BYD F3,-,2,-
SINOTRUK ZZ4255N3246D1,-,2,-
FOTON BJ4259SMFKB-B9,-,1,-
MERCEDES BENZ AROCS,-,1,-
INTERNATIONAL LT625,-,2,-
IVECO 55S18HDW,-,1,-
JMC JX3052XG2,-,1,-
HINO FM1AL7B,-,4,-
HINO FC9JJ7A,-,9,-
JAC HFC1037DKF,-,1,-
GAIA BACANO-EE,-,1,-
ACURA NSX,-,1,-
ZHIDOU D2S,-,4,-
HINO FG8JCAR,-,1,-
HINO GH8JP8A,-,34,-
MERCEDES BENZ AMG,-,3,-
KIA STINGER,-,1,-
NETA NETA,-,2,-
SEAT TARRACO,-,9,-
KIA SELTOS,-,1,-
TOYOTA RAV4,-,1,-
TOYOTA LAND,-,4,-
NON PLUS ULTRA 9-170,-,1,-
VOLKSWAGEN 9.160,-,-,-
VOLKSWAGEN 10.160,-,1,-
MARCOPOLO GRANVIALE,-,13,-
VOLVO B330RLE,-,98,-
VOLVO B330R,-,46,-
VOLVO B320RLE,-,8,-
HINO GH8JM8A,-,131,-
JMC JX,-,3,-
BYD B93S01,-,81,-
FOTON BJ3122DFPEA-01,-,2,-
INTERNATIONAL HV507,-,5,-
SHACMAN BA5ND42F08X33N2H,-,3,-
FAW CA1183P1K2NE5A80,-,4,-
MOTOR CAFE E-CCAR-01,-,1,-
BYD QIN-GS-I,-,1,-
BMW M440I,-,1,-
BMW 430I,-,11,-
CHEVROLET JOY,-,916,-
UAZ BUHANKA,-,1,-
FOTON BJ3319,-,6,-
FOTON BJ3253,-,30,-
FOTON BJ3122,-,1,-
FOTON BJ5319,-,4,-
ZEDRIV GX5,-,1,-
FOTON BJ3259,-,3,-
ROBETA RBT01,-,3,-
GBM MOTORS OZARU-E,-,2,-
BRYSER E 200,-,1,-
BRILLIANCE V3,-,11,-
BAIC EX360,-,1,-
TESLA MODELO,-,1,-
TOYOTA GRJ71L,-,2,-
FAW CA1256P2K15L7T1NA80,-,1,-
JEEP PATRIOT,-,-,-
SUZUKI XL7,-,45,-
DAF CF480,-,28,-
SUBARU EVOLTIS,-,34,-
WINLEE CARGO 300,-,6,-
PORSCHE TAYCAN,-,1,-
SHACMAN SX33186V406T,-,-,-
"MERCEDES BENZ CLA 180 ",-,-,-
MERCEDES BENZ GLS 400,-,1,-
MERCEDES BENZ GLB 200,-,107,-
MERCEDES BENZ EQC 400,-,1,-
SINOTRUK CDW1030N3M5,-,10,-
ORANSH M2 HIGH SPEED,-,185,-
BMW MVPH,-,1,-
FERRARI SF90,-,-,-
SINOTRUK ZZ1107D451E1C,-,7,-
CHEVROLET FFR,-,-,-
MAZDA CX-30,-,"5,629",-
SINOTRUK ZZ1158F4515D1,-,5,-
MITSUBISHI FUSO FIV1PKX2LNQA,-,2,-
MITSUBISHI FUSO FEB71GL4SNHC,-,2,-
"MERCEDES BENZ GLB 200 ",-,-,-
KARRY SQR5023XXYK06,-,14,-
JAGUAR I-PACE,-,16,-
"MERCEDES BENZ V-KLASSE  ",-,-,-
JAC S4,-,1,-
JAC HFC5049,-,2,-
MAGIRUS DAILY,-,2,-
LIANKE LK2600AC,-,1,-
KARRY SQR1021H00,-,22,-
FERRARI F8,-,2,-
BMW M235I,-,19,-
FOTON BJ1045EVJA,-,-,-
SHACMAN SX32586T324C,-,-,-
GREAT WALL HAVAL H2,-,2,-
FIAT DUCATO,-,96,-
SITOM STQ1251L15Y3DBEV,-,-,-
DONGFENG DFA5030XXYABEV7,-,12,-
JAC HFC1031,-,10,-
JAC HFC5037,-,10,-
CHEVROLET S10,-,-,-
CHRYSLER VOYAGER,-,1,-
JAC HFC1061,-,1,-
IVECO ML110EL18-E5,-,2,-
EVERBRIGHT V7,-,1,-
KIA SONET,-,-,-
"CHANGHE M50S,",-,15,-
BYD T3,-,2,-
BYD TANG,-,3,-
BRILLIANCE V5,-,3,-
DONGFENG DFA7000L2ABEV4,-,3,-
AM GENERAL LLC HMMWV,-,6,-
SUBARU WRX STI,-,-,-
CHEVROLET MALIBU,-,3,-
UAZ MAXIMUM,-,8,-
FUSO FIV1PKX2LNQA,-,24,-
FREIGHTLINER FL 360-917,-,6,-
AM GENERAL HMMWV,-,-,-
FOTON BJ1044,-,153,-
FOTON BJ1030,-,157,-
ZNA RICH,-,-,-
FOTON BJ1045,-,120,-
FOTON BJ1128,-,305,-
FOTON BJ1108,-,89,-
LINZDA M3/LZD-M3-4,-,1,-
MERCEDES-BENZ UNIMOG,-,-,-
DONGFENG EQ1040TACEV,-,1,-
ZHONGTONG LCK6780EVG,-,4,-
VOLVO B320R,-,63,-
TOYOTA HI-ACE,-,-,-
FORD 450,-,1,-
KAWASAKI KAF620WLS,-,5,-
DONGFENG DFA1070SJ12N2,-,1,-
KAWASAKI KAF620WLF,-,9,-
KAWASAKI KAF620SBF,-,1,-
KAWASAKI KAF620RBF,-,1,-
DODGE CHARGER,-,1,-
BMW 745E,-,2,-
AUDI S4,-,1,-